sample_id,run,mouse,treatment,sex,group,include,note
VEH_F1,AI_VEH1,VEH_F1,VEH,F,VEH_F,TRUE,
VEH_F2,AI_VEH2,VEH_F2,VEH,F,VEH_F,TRUE,
VEH_F3,AI_VEH3,VEH_F3,VEH,F,VEH_F,TRUE,
VEH_F4,AI_VEH4,VEH_F4,VEH,F,VEH_F,TRUE,
VEH_F5,AI_VEH5,VEH_F5,VEH,F,VEH_F,TRUE,
VEH_M1,AI_VEH6,VEH_M1,VEH,M,VEH_M,TRUE,
VEH_M2,AI_VEH7,VEH_M2,VEH,M,VEH_M,TRUE,
VEH_M3,AI_VEH8,VEH_M3,VEH,M,VEH_M,TRUE,
VEH_M4,AI_VEH9,VEH_M4,VEH,M,VEH_M,TRUE,
VEH_M5,AI_VEH10,VEH_M5,VEH,M,VEH_M,TRUE,
PAS_F1,AI_PAS1,PAS_F1,PAS,F,PAS_F,TRUE,
PAS_F2,AI_PAS2,PAS_F2,PAS,F,PAS_F,TRUE,
PAS_F3,AI_PAS3,PAS_F3,PAS,F,PAS_F,TRUE,
PAS_F4,AI_PAS4,PAS_F4,PAS,F,PAS_F,TRUE,
PAS_F5,AI_PAS5,PAS_F5,PAS,F,PAS_F,TRUE,
PAS_M1_orig,AI_PAS6,PAS_M1,PAS,M,PAS_M,FALSE,failed injection superseded by the re-run
PAS_M1,AI_PAS6r,PAS_M1,PAS,M,PAS_M,TRUE,re-injection of PAS_M1
PAS_M2,AI_PAS7,PAS_M2,PAS,M,PAS_M,TRUE,
PAS_M3,AI_PAS8,PAS_M3,PAS,M,PAS_M,TRUE,
PAS_M4,AI_PAS9,PAS_M4,PAS,M,PAS_M,TRUE,
PAS_M5,AI_PAS10,PAS_M5,PAS,M,PAS_M,TRUE,
